<item>
       <widget class="QStackedWidget" name="alt_stackedwidget">
        <property name="sizePolicy">
         <sizepolicy hsizetype="Preferred" vsizetype="Expanding">
          <horstretch>0</horstretch>
          <verstretch>0</verstretch>
         </sizepolicy>
        </property>
        <property name="styleSheet">
         <string notr="true">QStackedWidget {
    border: 1px solid rgb(230, 230, 230);

}</string>
        </property>
        <property name="frameShape">
         <enum>QFrame::Box</enum>
        </property>
        <property name="frameShadow">
         <enum>QFrame::Plain</enum>
        </property>
        <property name="lineWidth">
         <number>1</number>
        </property>
        <property name="midLineWidth">
         <number>1</number>
        </property>
        <property name="currentIndex">
         <number>0</number>
        </property>
        <widget class="QWidget" name="page">
         <layout class="QGridLayout" name="gridLayout_3">
          <item row="0" column="0">
           <widget class="QGraphicsView" name="img_placeholder">
            <property name="frameShape">
             <enum>QFrame::NoFrame</enum>
            </property>
            <property name="lineWidth">
             <number>0</number>
            </property>
            <property name="verticalScrollBarPolicy">
             <enum>Qt::ScrollBarAlwaysOff</enum>
            </property>
            <property name="backgroundBrush">
             <brush brushstyle="SolidPattern">
              <color alpha="255">
               <red>240</red>
               <green>240</green>
               <blue>240</blue>
              </color>
             </brush>
            </property>
            <property name="foregroundBrush">
             <brush brushstyle="NoBrush">
              <color alpha="255">
               <red>240</red>
               <green>240</green>
               <blue>240</blue>
              </color>
             </brush>
            </property>
           </widget>
          </item>
         </layout>
        </widget>
        <widget class="QWidget" name="page_6">
         <layout class="QVBoxLayout" name="verticalLayout_9">
          <item>
           <widget class="QFrame" name="frame_4">
            <property name="styleSheet">
             <string notr="true">QFrame {
    padding: 1px;
}</string>
            </property>
            <property name="frameShape">
             <enum>QFrame::NoFrame</enum>
            </property>
            <property name="frameShadow">
             <enum>QFrame::Plain</enum>
            </property>
            <property name="midLineWidth">
             <number>0</number>
            </property>
            <layout class="QVBoxLayout" name="verticalLayout_7">
             <item>
              <widget class="QWidget" name="widget_11" native="true"/>
             </item>
             <item>
              <widget class="QLabel" name="label_12">
               <property name="sizePolicy">
                <sizepolicy hsizetype="Preferred" vsizetype="Preferred">
                 <horstretch>0</horstretch>
                 <verstretch>0</verstretch>
                </sizepolicy>
               </property>
               <property name="text">
                <string>Click on map to get terrain height of home point</string>
               </property>
              </widget>
             </item>
             <item>
              <layout class="QHBoxLayout" name="horizontalLayout_8">
               <item>
                <widget class="QLabel" name="label_9">
                 <property name="sizePolicy">
                  <sizepolicy hsizetype="Preferred" vsizetype="Fixed">
                   <horstretch>0</horstretch>
                   <verstretch>0</verstretch>
                  </sizepolicy>
                 </property>
                 <property name="text">
                  <string>Longitude</string>
                 </property>
                </widget>
               </item>
               <item>
                <widget class="QLineEdit" name="homepoint_longitude">
                 <property name="clearButtonEnabled">
                  <bool>true</bool>
                 </property>
                </widget>
               </item>
               <item>
                <spacer name="verticalSpacer">
                 <property name="orientation">
                  <enum>Qt::Vertical</enum>
                 </property>
                 <property name="sizeType">
                  <enum>QSizePolicy::Preferred</enum>
                 </property>
                 <property name="sizeHint" stdset="0">
                  <size>
                   <width>20</width>
                   <height>40</height>
                  </size>
                 </property>
                </spacer>
               </item>
               <item>
                <widget class="QLabel" name="label_11">
                 <property name="sizePolicy">
                  <sizepolicy hsizetype="Preferred" vsizetype="Fixed">
                   <horstretch>0</horstretch>
                   <verstretch>0</verstretch>
                  </sizepolicy>
                 </property>
                 <property name="text">
                  <string>Latitude</string>
                 </property>
                </widget>
               </item>
               <item>
                <widget class="QLineEdit" name="homepoint_latitude">
                 <property name="echoMode">
                  <enum>QLineEdit::Normal</enum>
                 </property>
                 <property name="readOnly">
                  <bool>false</bool>
                 </property>
                 <property name="clearButtonEnabled">
                  <bool>true</bool>
                 </property>
                </widget>
               </item>
              </layout>
             </item>
             <item>
              <widget class="QWidget" name="widget_10" native="true"/>
             </item>
             <item>
              <layout class="QHBoxLayout" name="horizontalLayout_16">
               <item>
                <widget class="QLabel" name="label_3">
                 <property name="sizePolicy">
                  <sizepolicy hsizetype="Preferred" vsizetype="Fixed">
                   <horstretch>0</horstretch>
                   <verstretch>0</verstretch>
                  </sizepolicy>
                 </property>
                 <property name="text">
                  <string>Terrain height (m):</string>
                 </property>
                </widget>
               </item>
               <item>
                <widget class="QLabel" name="homepoint_elevation">
                 <property name="sizePolicy">
                  <sizepolicy hsizetype="Expanding" vsizetype="Fixed">
                   <horstretch>0</horstretch>
                   <verstretch>0</verstretch>
                  </sizepolicy>
                 </property>
                 <property name="text">
                  <string/>
                 </property>
                </widget>
               </item>
              </layout>
             </item>
            </layout>
           </widget>
          </item>
          <item>
           <widget class="QWidget" name="widget" native="true">
            <property name="sizePolicy">
             <sizepolicy hsizetype="Preferred" vsizetype="Expanding">
              <horstretch>0</horstretch>
              <verstretch>0</verstretch>
             </sizepolicy>
            </property>
           </widget>
          </item>
         </layout>
        </widget>
        <widget class="QWidget" name="page_5">
         <layout class="QGridLayout" name="gridLayout">
          <item row="0" column="0">
           <widget class="QWidget" name="widget_6" native="true"/>
          </item>
          <item row="1" column="0">
           <layout class="QHBoxLayout" name="horizontalLayout_18">
            <item>
             <widget class="QWidget" name="widget_5" native="true"/>
            </item>
            <item>
             <layout class="QVBoxLayout" name="verticalLayout_19">
              <item>
               <layout class="QHBoxLayout" name="horizontalLayout_11">
                <item>
                 <layout class="QVBoxLayout" name="verticalLayout_11">
                  <item>
                   <layout class="QHBoxLayout" name="horizontalLayout_10">
                    <item>
                     <widget class="QToolButton" name="adjphotos_select_button">
                      <property name="focusPolicy">
                       <enum>Qt::NoFocus</enum>
                      </property>
                      <property name="text">
                       <string>Select two adjacent photos</string>
                      </property>
                     </widget>
                    </item>
                    <item>
                     <widget class="QToolButton" name="adjphotos_clear_button">
                      <property name="sizePolicy">
                       <sizepolicy hsizetype="Fixed" vsizetype="Fixed">
                        <horstretch>0</horstretch>
                        <verstretch>0</verstretch>
                       </sizepolicy>
                      </property>
                      <property name="focusPolicy">
                       <enum>Qt::NoFocus</enum>
                      </property>
                      <property name="text">
                       <string>Clear</string>
                      </property>
                     </widget>
                    </item>
                    <item>
                     <widget class="QWidget" name="widget_3" native="true">
                      <property name="sizePolicy">
                       <sizepolicy hsizetype="Expanding" vsizetype="Fixed">
                        <horstretch>0</horstretch>
                        <verstretch>0</verstretch>
                       </sizepolicy>
                      </property>
                     </widget>
                    </item>
                   </layout>
                  </item>
                  <item>
                   <layout class="QHBoxLayout" name="horizontalLayout_6">
                    <item>
                     <widget class="QGraphicsView" name="adjphotos_graphics_view"/>
                    </item>
                   </layout>
                  </item>
                 </layout>
                </item>
                <item>
                 <layout class="QVBoxLayout" name="verticalLayout_5">
                  <item>
                   <layout class="QVBoxLayout" name="verticalLayout_3">
                    <item>
                     <widget class="QToolButton" name="adjphotos_setrange_button">
                      <property name="sizePolicy">
                       <sizepolicy hsizetype="Preferred" vsizetype="Fixed">
                        <horstretch>0</horstretch>
                        <verstretch>0</verstretch>
                       </sizepolicy>
                      </property>
                      <property name="text">
                       <string>Set range</string>
                      </property>
                     </widget>
                    </item>
                    <item>
                     <widget class="Line" name="line_5">
                      <property name="orientation">
                       <enum>Qt::Horizontal</enum>
                      </property>
                     </widget>
                    </item>
                   </layout>
                  </item>
                  <item>
                   <layout class="QHBoxLayout" name="horizontalLayout_7">
                    <item>
                     <layout class="QVBoxLayout" name="verticalLayout_10">
                      <item>
                       <widget class="QLabel" name="alt_scale_maxlabel">
                        <property name="sizePolicy">
                         <sizepolicy hsizetype="Minimum" vsizetype="Preferred">
                          <horstretch>0</horstretch>
                          <verstretch>0</verstretch>
                         </sizepolicy>
                        </property>
                        <property name="font">
                         <font>
                          <pointsize>9</pointsize>
                         </font>
                        </property>
                        <property name="text">
                         <string>+50m</string>
                        </property>
                        <property name="scaledContents">
                         <bool>false</bool>
                        </property>
                        <property name="alignment">
                         <set>Qt::AlignHCenter|Qt::AlignTop</set>
                        </property>
                       </widget>
                      </item>
                      <item>
                       <widget class="QLabel" name="label_10">
                        <property name="sizePolicy">
                         <sizepolicy hsizetype="Minimum" vsizetype="Preferred">
                          <horstretch>0</horstretch>
                          <verstretch>0</verstretch>
                         </sizepolicy>
                        </property>
                        <property name="text">
                         <string>0</string>
                        </property>
                        <property name="alignment">
                         <set>Qt::AlignCenter</set>
                        </property>
                       </widget>
                      </item>
                      <item>
                       <widget class="QLabel" name="alt_scale_minlabel">
                        <property name="sizePolicy">
                         <sizepolicy hsizetype="Minimum" vsizetype="Preferred">
                          <horstretch>0</horstretch>
                          <verstretch>0</verstretch>
                         </sizepolicy>
                        </property>
                        <property name="font">
                         <font>
                          <pointsize>9</pointsize>
                         </font>
                        </property>
                        <property name="layoutDirection">
                         <enum>Qt::RightToLeft</enum>
                        </property>
                        <property name="text">
                         <string>-50m</string>
                        </property>
                        <property name="alignment">
                         <set>Qt::AlignBottom|Qt::AlignHCenter</set>
                        </property>
                       </widget>
                      </item>
                     </layout>
                    </item>
                    <item>
                     <widget class="QSlider" name="adjphotos_slider">
                      <property name="minimum">
                       <number>-500</number>
                      </property>
                      <property name="maximum">
                       <number>500</number>
                      </property>
                      <property name="orientation">
                       <enum>Qt::Vertical</enum>
                      </property>
                      <property name="tickPosition">
                       <enum>QSlider::TicksBothSides</enum>
                      </property>
                      <property name="tickInterval">
                       <number>100</number>
                      </property>
                     </widget>
                    </item>
                   </layout>
                  </item>
                 </layout>
                </item>
                <item>
                 <spacer name="verticalSpacer_3">
                  <property name="orientation">
                   <enum>Qt::Vertical</enum>
                  </property>
                  <property name="sizeHint" stdset="0">
                   <size>
                    <width>14</width>
                    <height>146</height>
                   </size>
                  </property>
                 </spacer>
                </item>
               </layout>
              </item>
              <item>
               <widget class="QWidget" name="widget_9" native="true"/>
              </item>
             </layout>
            </item>
           </layout>
          </item>
          <item row="2" column="0">
           <widget class="QWidget" name="widget_4" native="true">
            <property name="sizePolicy">
             <sizepolicy hsizetype="Preferred" vsizetype="Fixed">
              <horstretch>0</horstretch>
              <verstretch>0</verstretch>
             </sizepolicy>
            </property>
           </widget>
          </item>
         </layout>
        </widget>
       </widget>
      </item>